{
  "components_weighted": {
    "activity": 0.4455779158808982,
    "qed": 0.19686763362260884,
    "sa": 0.013749999999999998,
    "diversity": 0.06,
    "physchem": 0.0
  },
  "drop_one": {
    "activity": 0.44557791588089823,
    "qed": 0.19686763362260884,
    "sa": 0.01375000000000004,
    "diversity": 0.06000000000000005,
    "physchem": 0.0
  },
  "shapley": {
    "activity": 0.4455779158808971,
    "diversity": 0.0599999999999999,
    "qed": 0.1968676336226093,
    "sa": 0.013749999999999984,
    "physchem": 0.0
  },
  "normalized": {
    "components": {
      "activity": 0.6221456084023268,
      "qed": 0.2748797221081375,
      "sa": 0.01919866719296427,
      "diversity": 0.08377600229657137,
      "physchem": 0.0
    },
    "drop_one": {
      "activity": 0.6221456084023269,
      "qed": 0.2748797221081375,
      "sa": 0.019198667192964328,
      "diversity": 0.08377600229657144,
      "physchem": 0.0
    },
    "shapley": {
      "activity": 0.6221456084023254,
      "diversity": 0.08377600229657123,
      "qed": 0.27487972210813816,
      "sa": 0.01919866719296425,
      "physchem": 0.0
    }
  },
  "total_loss": 0.7161955495035071
}