{
  "n_iter": 10,
  "real": {
    "auc": 0.8915743801423405,
    "pr": 0.9620759428480599,
    "ece": 0.07940987739860846
  },
  "scrambled": {
    "auc": [
      0.4972626311527154,
      0.4900941060551053,
      0.4945885887115266,
      0.5133829655474524,
      0.5337891215545876,
      0.49543967050225896,
      0.48153655354378777,
      0.5298632743851007,
      0.4667146303379394,
      0.4877314934151398
    ],
    "pr": [
      0.7961783581765023,
      0.7942563254083091,
      0.7935376292047078,
      0.801604679755374,
      0.809661039228985,
      0.797517217560197,
      0.7875160627976049,
      0.8128821494884336,
      0.784810218288366,
      0.7905161201015672
    ],
    "ece": [
      0.008023592501878134,
      0.018162611095284904,
      0.012225583105859092,
      0.013853861269064129,
      0.0041110007289097,
      0.01950121323939071,
      0.021604472303365863,
      0.012939943247649376,
      0.02632703095972357,
      0.00998811508853002
    ]
  },
  "p_values": {
    "auc": 0.0,
    "pr": 0.0,
    "ece_better_or_equal": 1.0
  }
}