{
  "delta": 0.1,
  "results": {
    "genetics": {
      "tau_up": 0.999981911880515,
      "tau_dn": 0.9999333867236612,
      "avg_tau": 0.9999576493020881
    },
    "expression": {
      "tau_up": 0.9999485184980341,
      "tau_dn": 0.9999888688644397,
      "avg_tau": 0.9999686936812369
    },
    "centrality": {
      "tau_up": 0.9999831293474838,
      "tau_dn": 0.9999907820013663,
      "avg_tau": 0.999986955674425
    },
    "tractability": {
      "tau_up": 1.0,
      "tau_dn": 1.0,
      "avg_tau": 1.0
    },
    "novelty": {
      "tau_up": 1.0,
      "tau_dn": 0.9999930430315629,
      "avg_tau": 0.9999965215157814
    },
    "ip_crowding": {
      "tau_up": 1.0,
      "tau_dn": 1.0,
      "avg_tau": 1.0
    }
  }
}