index,smiles,canonical_smiles,p_act,p_act_std,qed,mw,logp,tpsa,sa,hbd,hba,rotb,lipinski,esol_logS,herg_risk,clearance_risk,pains_hits,alert_hits,warhead_flags,composite_score
1534,CC1(C)CC2=NNC(=O)c3cccc4c3c2c(n4CCO)C1,CC1(C)CC2=NNC(=O)c3cccc4c3c2c(n4CCO)C1,0.8143568571428573,,0.8906821102373101,297.35800000000006,2.0534999999999997,66.62,1.56,2.0,4.0,2.0,True,-3.148051872727273,medium,medium,,,,0.8238
1889,O=c1[nH]nc(Cc2ccc(Br)nc2)c2c1CCCC2,O=c1[nH]nc(Cc2ccc(Br)nc2)c2c1CCCC2,0.8109771428571431,,0.8645994989986728,320.19000000000017,2.3970000000000002,58.64,1.2799999999999998,1.0,3.0,2.0,True,-3.6706564210526325,low,medium,,2-halo_pyridine,,0.8176
1867,CC(C)NCc1ccc(Cc2n[nH]c(=O)c3c2CCCC3)cc1,CC(C)NCc1ccc(Cc2n[nH]c(=O)c3c2CCCC3)cc1,0.7106462857142856,,0.8924573229641474,311.42900000000003,2.7375000000000016,57.78,1.49,2.0,3.0,5.0,True,-3.5515717565217404,medium,medium,,,,0.7654
944,CN1CCCc2c1cc(-c1ccc(Cl)cc1)[nH]c2=O,CN1CCCc2c1cc(-c1ccc(Cl)cc1)[nH]c2=O,0.7561594285714285,,0.8674959101642256,274.75100000000003,3.077700000000001,36.1,1.2699999999999998,1.0,2.0,1.0,True,-3.8837756210526324,medium,medium,,,,0.746
2386,O=C(c1cc2[nH]c(=O)c3ccccc3n2n1)N1CCCC(CN2CCOCC2)C1,O=C(c1cc2[nH]c(=O)c3ccccc3n2n1)N1CCCC(CN2CCOCC2)C1,0.7185659999999997,,0.7241294177110903,395.4630000000003,1.3601999999999999,82.94,2.0300000000000002,1.0,6.0,3.0,True,-3.282520737931036,medium,low,,,,0.7319
1364,Cc1cccc2c(=O)[nH]c(-c3ccc(CN4CCN(C)CC4)cc3)cc12,Cc1cccc2c(=O)[nH]c(-c3ccc(CN4CCN(C)CC4)cc3)cc12,0.7565325714285713,,0.79046917407701,347.4620000000001,3.2509200000000025,39.34,1.7799999999999998,1.0,3.0,3.0,True,-4.299728615384618,medium,medium,,,,0.7317
2135,CN(C)CCCOc1ccc(-c2nc3cccc4c3n2CCNC4=O)cc1,CN(C)CCCOc1ccc(-c2nc3cccc4c3n2CCNC4=O)cc1,0.7050522857142856,,0.6835257983638198,364.4490000000001,2.7772000000000006,59.39,1.8699999999999999,1.0,5.0,6.0,True,-3.864330911111112,medium,medium,,Aliphatic_long_chain,,0.6984
2322,Cc1ccc(-c2cc3[nH]c(=O)c4ccccc4n3n2)cc1,Cc1ccc(-c2cc3[nH]c(=O)c4ccccc4n3n2)cc1,0.7292017142857142,,0.5798731577077322,275.31100000000004,3.1512200000000004,50.16,1.5499999999999998,1.0,3.0,1.0,True,-4.13572060952381,medium,medium,,,,0.6703
