,p_act,qed,mw_window,logp_window,solubility,sa_favor
1534,0.8143568571428573,0.8906821102373101,0.8420457142857146,0.9821666666666667,0.737662343939394,0.9377777777777777
1889,0.8109771428571431,0.8645994989986728,0.9725142857142867,0.8676666666666666,0.6941119649122807,0.9688888888888889
1867,0.7106462857142856,0.8924573229641474,0.9224514285714287,0.7541666666666661,0.7040356869565216,0.9455555555555555
944,0.7561594285714285,0.8674959101642256,0.7128628571428574,0.6407666666666663,0.6763520315789474,0.9700000000000001
2386,0.7185659999999997,0.7241294177110903,0.597354285714284,0.7867333333333333,0.7264566051724136,0.8855555555555555
1364,0.7565325714285713,0.79046917407701,0.8716457142857137,0.5830266666666659,0.6416892820512818,0.9133333333333334
2135,0.7050522857142856,0.6835257983638198,0.7745771428571422,0.7409333333333332,0.677972424074074,0.9033333333333334
2322,0.7292017142857142,0.5798731577077322,0.7160628571428573,0.6162599999999998,0.6553566158730159,0.9388888888888888
